               epoch,      train/box_loss,      train/obj_loss,      train/cls_loss,   metrics/precision,      metrics/recall,     metrics/mAP_0.5,metrics/mAP_0.5:0.95,        val/box_loss,        val/obj_loss,        val/cls_loss,               x/lr0,               x/lr1,               x/lr2
                   0,             0.12636,              0.1098,            0.029969,           0.0018281,             0.18367,           0.0015038,          0.00029822,             0.11869,            0.073132,             0.02881,              0.0937,              0.0007,              0.0007
                   1,             0.11747,            0.095818,            0.028567,           0.0047838,             0.40986,           0.0073734,           0.0014296,             0.11588,            0.054692,            0.027603,            0.086499,           0.0014985,           0.0014985
                   2,             0.11473,            0.096293,            0.026853,            0.024997,             0.22619,             0.01801,           0.0043068,             0.11462,             0.04967,             0.02791,            0.079295,           0.0022954,           0.0022954
                   3,             0.10494,            0.095305,            0.023886,            0.017397,             0.38776,            0.017638,            0.004061,             0.11092,            0.047743,             0.02814,            0.072091,           0.0030908,           0.0030908
                   4,            0.096089,            0.094158,            0.022066,            0.047326,            0.035714,            0.026677,           0.0061629,             0.10558,            0.043572,            0.026063,            0.064885,           0.0038846,           0.0038846
                   5,            0.091817,             0.10051,             0.01905,            0.077114,             0.19898,            0.072026,            0.016473,            0.087785,            0.048466,            0.021322,            0.057677,           0.0046767,           0.0046767
                   6,            0.084305,            0.093771,            0.017595,             0.05226,             0.39796,            0.052092,            0.014638,            0.082364,            0.050061,            0.021073,            0.050467,           0.0054673,           0.0054673
                   7,            0.081867,            0.090948,            0.015234,             0.58971,             0.15816,              0.1172,            0.040802,            0.076996,            0.051909,            0.017103,            0.043256,           0.0062563,           0.0062563
                   8,            0.079235,            0.086948,            0.012373,             0.62446,             0.17857,              0.1144,            0.034321,            0.077064,            0.041281,            0.017151,            0.036044,           0.0070438,           0.0070438
                   9,            0.077168,            0.081383,            0.013468,             0.63075,             0.23667,             0.12537,            0.046667,            0.074387,            0.040685,            0.016806,             0.02883,           0.0078296,           0.0078296
                  10,            0.074377,             0.08392,             0.01207,             0.63986,             0.29524,              0.1832,            0.055321,            0.076321,            0.037451,            0.014379,            0.021614,           0.0086139,           0.0086139
                  11,            0.075831,            0.076486,             0.01472,             0.61489,             0.19898,             0.12856,            0.039916,             0.07644,            0.038504,            0.014762,            0.014397,           0.0093965,           0.0093965
                  12,            0.075206,            0.078922,            0.013571,             0.64968,             0.35098,             0.21213,            0.077796,            0.066606,            0.032446,            0.013001,           0.0098812,           0.0098812,           0.0098812
                  13,            0.070028,            0.073059,            0.014885,             0.69308,             0.32143,             0.21727,            0.071749,            0.065567,            0.029304,            0.013218,           0.0098812,           0.0098812,           0.0098812
                  14,            0.066744,            0.074615,            0.011864,             0.73965,             0.30998,             0.31646,             0.13182,            0.069348,            0.031299,            0.014229,           0.0098713,           0.0098713,           0.0098713
                  15,            0.064389,            0.076763,            0.013948,             0.70943,             0.33464,             0.30123,              0.1402,            0.059305,            0.029778,            0.013542,           0.0098614,           0.0098614,           0.0098614
                  16,            0.063968,            0.073229,            0.011875,             0.73659,             0.35286,             0.32659,             0.13314,            0.060297,            0.031241,            0.013509,           0.0098515,           0.0098515,           0.0098515
                  17,            0.058666,            0.077055,            0.013774,             0.17953,             0.84014,             0.33815,             0.15583,            0.055334,            0.030848,            0.013571,           0.0098416,           0.0098416,           0.0098416
                  18,            0.060072,            0.071779,            0.016311,             0.17703,             0.79791,             0.28878,             0.12949,            0.056783,            0.030234,            0.013306,           0.0098317,           0.0098317,           0.0098317
                  19,            0.053504,            0.065388,            0.012971,             0.73327,             0.38818,             0.38144,             0.18535,            0.053257,            0.026974,             0.01331,           0.0098218,           0.0098218,           0.0098218
                  20,            0.059213,            0.071805,            0.012929,             0.20877,             0.89966,             0.44146,              0.1762,            0.054492,            0.025335,             0.01315,           0.0098119,           0.0098119,           0.0098119
                  21,            0.059201,            0.074981,            0.010524,              0.2886,             0.89456,             0.49461,              0.2761,            0.046459,            0.025295,             0.01301,            0.009802,            0.009802,            0.009802
                  22,            0.058778,            0.075949,            0.012412,             0.28648,             0.84184,             0.47012,             0.23727,            0.044985,            0.024519,            0.012826,           0.0097921,           0.0097921,           0.0097921
                  23,            0.053883,             0.07186,              0.0122,             0.28279,             0.86565,             0.47015,             0.23949,            0.049362,             0.02575,            0.012527,           0.0097822,           0.0097822,           0.0097822
                  24,            0.058873,            0.065799,            0.011138,              0.3661,             0.86054,              0.5365,             0.31082,            0.041281,            0.024663,            0.012259,           0.0097723,           0.0097723,           0.0097723
                  25,             0.05049,            0.061633,            0.010501,             0.34974,             0.81348,             0.50353,             0.20496,             0.05021,            0.026262,            0.012358,           0.0097624,           0.0097624,           0.0097624
                  26,            0.051818,            0.067393,            0.011105,             0.35467,             0.85034,             0.50518,             0.24003,            0.046739,             0.02722,            0.012273,           0.0097525,           0.0097525,           0.0097525
                  27,             0.05253,             0.06915,            0.010759,             0.26228,             0.88946,             0.45822,             0.21407,            0.050123,            0.025382,            0.012092,           0.0097426,           0.0097426,           0.0097426
                  28,            0.051821,            0.073959,            0.011943,             0.34797,             0.88946,             0.50305,             0.25112,            0.047497,            0.027376,            0.012027,           0.0097327,           0.0097327,           0.0097327
                  29,            0.045431,            0.066016,           0.0090599,             0.39553,             0.80782,             0.53586,              0.3064,            0.042505,            0.026278,            0.012004,           0.0097228,           0.0097228,           0.0097228
                  30,            0.051288,            0.063422,            0.010706,             0.35393,             0.84014,             0.52488,             0.28325,             0.04803,            0.025664,             0.01213,           0.0097129,           0.0097129,           0.0097129
                  31,            0.054429,             0.06634,            0.011946,             0.36526,             0.85034,              0.5516,             0.32577,            0.046516,            0.024066,            0.012093,            0.009703,            0.009703,            0.009703
                  32,             0.05065,            0.064867,            0.011113,             0.38939,             0.85034,             0.56786,             0.31567,            0.046311,            0.024584,               0.012,           0.0096931,           0.0096931,           0.0096931
                  33,            0.048902,            0.067297,            0.011437,             0.38679,             0.84014,             0.55845,             0.31463,            0.048785,            0.025391,            0.012291,           0.0096832,           0.0096832,           0.0096832
                  34,            0.047534,            0.064517,            0.010474,             0.36571,             0.83503,             0.51726,             0.32475,            0.047067,            0.026807,            0.012456,           0.0096733,           0.0096733,           0.0096733
                  35,             0.04937,            0.068892,            0.011811,             0.40717,             0.87925,             0.56067,             0.33713,            0.046523,            0.024648,            0.012454,           0.0096634,           0.0096634,           0.0096634
                  36,              0.0472,             0.06506,            0.012469,             0.39746,             0.85884,             0.55351,             0.33444,            0.045221,             0.02532,            0.012569,           0.0096535,           0.0096535,           0.0096535
                  37,            0.048503,            0.066647,            0.012201,             0.39156,             0.86335,             0.56119,              0.3382,            0.042468,            0.024361,            0.012502,           0.0096436,           0.0096436,           0.0096436
                  38,            0.043209,            0.053167,           0.0099735,             0.41192,             0.82993,             0.57899,              0.3383,            0.043883,            0.024933,            0.012373,           0.0096337,           0.0096337,           0.0096337
                  39,            0.045535,            0.068238,            0.010641,             0.38554,             0.93707,              0.5896,             0.36822,            0.040946,            0.022661,            0.012146,           0.0096238,           0.0096238,           0.0096238
                  40,             0.04969,              0.0669,            0.014164,             0.41519,             0.90306,             0.61938,             0.40208,            0.040538,            0.022448,            0.012322,           0.0096139,           0.0096139,           0.0096139
                  41,            0.043315,            0.063023,            0.012141,             0.41291,             0.96429,             0.59847,             0.37071,            0.042522,            0.023873,            0.012599,            0.009604,            0.009604,            0.009604
                  42,            0.046868,            0.067087,            0.014457,             0.41451,             0.95578,             0.58134,             0.36792,            0.039372,            0.025325,            0.012805,           0.0095941,           0.0095941,           0.0095941
                  43,            0.041455,            0.070895,            0.014991,             0.41686,             0.95578,             0.59853,             0.39933,             0.03797,            0.023227,            0.013009,           0.0095842,           0.0095842,           0.0095842
                  44,            0.042728,            0.063016,            0.010846,             0.41795,             0.96088,             0.56925,             0.37441,            0.037816,            0.023108,            0.013129,           0.0095743,           0.0095743,           0.0095743
                  45,            0.043986,            0.062963,            0.012706,             0.39054,             0.90816,             0.58052,             0.30217,            0.046234,            0.023835,            0.012973,           0.0095644,           0.0095644,           0.0095644
                  46,            0.045295,            0.064873,            0.010153,             0.39561,             0.93707,             0.56521,             0.33439,            0.041422,            0.022603,            0.012985,           0.0095545,           0.0095545,           0.0095545
                  47,            0.046798,            0.060483,            0.013227,             0.42386,             0.93707,             0.57421,             0.38528,            0.037561,            0.023952,             0.01287,           0.0095446,           0.0095446,           0.0095446
                  48,            0.043174,            0.061972,            0.015317,             0.42789,             0.93197,             0.58151,             0.33835,            0.037962,            0.023344,            0.012898,           0.0095347,           0.0095347,           0.0095347
                  49,            0.041434,            0.061862,            0.013195,             0.46443,             0.87415,             0.58039,             0.33387,            0.036675,            0.024428,             0.01261,           0.0095248,           0.0095248,           0.0095248
                  50,            0.042422,            0.064746,            0.010001,             0.43517,             0.88195,             0.58118,             0.35709,            0.036774,            0.023558,            0.012436,           0.0095149,           0.0095149,           0.0095149
                  51,            0.043286,            0.063719,            0.012897,             0.44969,             0.90816,               0.621,             0.40126,             0.03819,            0.023414,            0.012592,            0.009505,            0.009505,            0.009505
                  52,            0.048028,            0.063754,           0.0094408,             0.41172,             0.90306,             0.58446,             0.36448,            0.035953,            0.023405,            0.012872,           0.0094951,           0.0094951,           0.0094951
                  53,            0.044032,            0.054894,           0.0093602,             0.42203,             0.93707,             0.59593,             0.38238,             0.03624,            0.023159,            0.013011,           0.0094852,           0.0094852,           0.0094852
                  54,            0.042961,             0.06446,            0.011615,             0.43703,             0.95578,             0.60929,             0.39109,            0.035347,            0.023605,             0.01289,           0.0094753,           0.0094753,           0.0094753
                  55,            0.041785,            0.056289,            0.013847,             0.43023,             0.95083,              0.5983,             0.33023,            0.037922,            0.024567,            0.013208,           0.0094654,           0.0094654,           0.0094654
                  56,            0.040887,            0.061122,            0.012317,              0.4214,             0.97959,             0.63725,              0.3428,            0.037628,            0.024229,             0.01327,           0.0094555,           0.0094555,           0.0094555
                  57,            0.041127,            0.056359,            0.012079,             0.43257,             0.95068,             0.64417,             0.37873,            0.039071,            0.024901,             0.01319,           0.0094456,           0.0094456,           0.0094456
                  58,             0.04314,            0.061866,            0.011373,             0.40381,             0.92177,             0.64063,              0.3252,            0.041696,            0.024502,            0.012936,           0.0094357,           0.0094357,           0.0094357
                  59,            0.039848,            0.060673,            0.010477,             0.39911,             0.89796,             0.63141,              0.3299,            0.043049,            0.024125,            0.012933,           0.0094258,           0.0094258,           0.0094258
                  60,            0.042648,             0.06625,            0.010962,             0.42182,             0.92687,             0.62268,             0.38046,            0.039212,            0.021814,            0.013059,           0.0094159,           0.0094159,           0.0094159
                  61,            0.042331,            0.060997,            0.011259,             0.43448,             0.87379,             0.59401,             0.36458,            0.038612,            0.022589,            0.013328,            0.009406,            0.009406,            0.009406
                  62,            0.038534,            0.053698,            0.015409,             0.43549,             0.87245,             0.57948,             0.34132,            0.041619,            0.023828,            0.013524,           0.0093961,           0.0093961,           0.0093961
                  63,            0.042161,            0.060446,            0.010552,             0.43292,             0.89612,             0.57191,             0.38239,            0.037713,            0.022402,            0.013547,           0.0093862,           0.0093862,           0.0093862
                  64,            0.039661,            0.053369,           0.0097006,              0.4276,             0.89286,             0.56191,             0.34589,            0.038775,            0.023115,            0.014101,           0.0093763,           0.0093763,           0.0093763
                  65,            0.042367,            0.059292,           0.0086791,             0.41793,             0.95068,             0.57668,             0.36068,            0.039823,            0.024163,            0.014509,           0.0093664,           0.0093664,           0.0093664
                  66,            0.041428,            0.061507,            0.011242,             0.42897,             0.97959,             0.58605,             0.39359,            0.038942,            0.023238,            0.014318,           0.0093565,           0.0093565,           0.0093565
                  67,             0.04235,            0.056699,             0.01304,             0.44021,             0.97959,             0.61378,              0.4135,            0.035543,            0.021709,            0.014375,           0.0093466,           0.0093466,           0.0093466
                  68,            0.038207,            0.056406,            0.010096,             0.44417,             0.97959,                0.61,             0.40043,            0.037992,            0.023037,            0.013872,           0.0093367,           0.0093367,           0.0093367
                  69,            0.044467,            0.064791,             0.01228,             0.45902,             0.98469,             0.62011,             0.42175,            0.036852,            0.021956,            0.013218,           0.0093268,           0.0093268,           0.0093268
                  70,            0.042411,            0.057574,            0.012992,             0.44694,             0.98469,             0.59956,             0.37863,            0.037553,            0.021611,            0.012718,           0.0093169,           0.0093169,           0.0093169
                  71,            0.043708,            0.056662,            0.011054,             0.43346,             0.97959,             0.62464,             0.40621,            0.037985,            0.022809,            0.012464,            0.009307,            0.009307,            0.009307
                  72,            0.038555,            0.062524,            0.010327,             0.42269,             0.96088,             0.60789,             0.38413,            0.037566,            0.024511,            0.012381,           0.0092971,           0.0092971,           0.0092971
                  73,            0.040016,            0.060779,            0.010665,             0.46489,             0.96088,             0.60474,             0.40225,            0.036706,            0.026803,             0.01224,           0.0092872,           0.0092872,           0.0092872
                  74,            0.038652,             0.05714,            0.010339,             0.47802,             0.93549,             0.61197,             0.36364,            0.041097,            0.023158,            0.012135,           0.0092773,           0.0092773,           0.0092773
                  75,            0.041746,            0.057481,            0.010338,             0.50084,             0.92687,             0.62486,             0.37591,            0.039876,            0.022884,            0.012163,           0.0092674,           0.0092674,           0.0092674
                  76,            0.042167,            0.063035,            0.015482,             0.42973,              0.9898,             0.61674,              0.4197,            0.036868,            0.020908,            0.012316,           0.0092575,           0.0092575,           0.0092575
                  77,             0.03951,            0.057234,            0.010024,             0.47218,             0.93537,             0.61597,             0.39599,            0.036744,            0.024501,            0.012252,           0.0092476,           0.0092476,           0.0092476
                  78,            0.037629,            0.055451,            0.011942,             0.44393,             0.84411,              0.5833,             0.36726,            0.039041,            0.026764,            0.012303,           0.0092377,           0.0092377,           0.0092377
                  79,            0.039668,            0.055745,            0.012736,             0.47152,             0.86395,             0.59502,             0.39253,            0.039208,            0.024962,            0.012197,           0.0092278,           0.0092278,           0.0092278
                  80,            0.040333,            0.056778,           0.0089877,             0.49889,             0.95068,             0.61563,             0.35645,            0.039575,             0.02243,             0.01244,           0.0092179,           0.0092179,           0.0092179
                  81,            0.039812,            0.062131,            0.011006,             0.48176,             0.89829,             0.62363,             0.39492,            0.037735,            0.023248,            0.012135,            0.009208,            0.009208,            0.009208
                  82,            0.036228,            0.058432,            0.012431,             0.49965,             0.89796,              0.6221,             0.42653,             0.03776,            0.022822,            0.012349,           0.0091981,           0.0091981,           0.0091981
                  83,            0.044718,            0.056711,             0.01113,             0.45051,             0.93707,             0.60039,             0.35197,            0.040026,            0.022278,            0.012678,           0.0091882,           0.0091882,           0.0091882
                  84,            0.041646,            0.055648,            0.010127,              0.4826,             0.93027,             0.57756,             0.37634,            0.036452,            0.022499,            0.013012,           0.0091783,           0.0091783,           0.0091783
                  85,            0.041343,             0.05832,            0.013247,             0.48578,             0.88177,             0.54701,             0.37542,            0.036234,             0.02467,            0.013255,           0.0091684,           0.0091684,           0.0091684
                  86,            0.038175,            0.068377,           0.0091368,             0.48777,             0.93537,             0.56885,              0.3896,            0.035666,            0.022784,            0.013483,           0.0091585,           0.0091585,           0.0091585
                  87,            0.035592,            0.052132,             0.01032,             0.51293,             0.89599,             0.57374,             0.39407,            0.037208,            0.024774,            0.013497,           0.0091486,           0.0091486,           0.0091486
                  88,            0.040647,            0.056001,            0.011343,              0.5091,             0.90994,             0.59229,             0.35545,            0.041219,            0.024461,            0.013441,           0.0091387,           0.0091387,           0.0091387
                  89,            0.037532,            0.055456,            0.013413,             0.50612,             0.94558,             0.62068,             0.43019,            0.035228,             0.02288,            0.013046,           0.0091288,           0.0091288,           0.0091288
                  90,            0.036998,             0.05643,           0.0090005,             0.55976,              0.7551,             0.63144,             0.42057,            0.039103,            0.025155,            0.012712,           0.0091189,           0.0091189,           0.0091189
                  91,            0.038383,            0.056412,             0.01493,             0.57147,              0.7309,             0.68964,             0.44443,            0.037997,            0.025032,            0.012413,            0.009109,            0.009109,            0.009109
                  92,            0.039984,            0.058431,           0.0088842,             0.61795,             0.72376,             0.68819,             0.47994,            0.034701,            0.022669,            0.011795,           0.0090991,           0.0090991,           0.0090991
                  93,            0.037391,            0.054334,            0.011566,             0.53415,             0.77903,             0.68899,             0.43635,            0.036751,            0.023148,            0.012184,           0.0090892,           0.0090892,           0.0090892
                  94,            0.036749,            0.052692,           0.0097659,             0.56036,              0.7602,             0.67804,              0.3777,            0.038622,            0.022959,            0.012537,           0.0090793,           0.0090793,           0.0090793
                  95,            0.041628,            0.064307,            0.010883,             0.52724,             0.74193,             0.69032,             0.46285,            0.036305,             0.02242,            0.011877,           0.0090694,           0.0090694,           0.0090694
                  96,             0.03608,            0.059861,            0.011801,             0.65633,             0.64966,             0.70099,             0.41076,            0.041889,            0.024338,            0.011407,           0.0090595,           0.0090595,           0.0090595
                  97,            0.038539,            0.059466,            0.010416,             0.57592,             0.76069,             0.68558,             0.44386,             0.03863,            0.024914,            0.012207,           0.0090496,           0.0090496,           0.0090496
                  98,            0.037036,            0.055938,            0.013257,             0.54381,               0.782,             0.67237,             0.43327,            0.037312,            0.024581,            0.013044,           0.0090397,           0.0090397,           0.0090397
                  99,            0.042346,            0.057946,           0.0086161,             0.51156,             0.77891,             0.65037,             0.42559,            0.038912,            0.023727,            0.013897,           0.0090298,           0.0090298,           0.0090298
                 100,            0.039038,            0.061897,             0.01093,             0.49294,              0.7556,             0.65118,              0.4202,            0.037929,            0.022429,            0.014593,           0.0090199,           0.0090199,           0.0090199
                 101,            0.037978,            0.057883,              0.0104,             0.51837,             0.78401,             0.64703,             0.43999,            0.036608,            0.021991,            0.014969,             0.00901,             0.00901,             0.00901
                 102,            0.035383,            0.056392,            0.011247,             0.58539,              0.7551,             0.69749,             0.47178,             0.03679,            0.023557,            0.013987,           0.0090001,           0.0090001,           0.0090001
                 103,             0.04373,            0.053221,           0.0078618,             0.58706,             0.82827,             0.70751,             0.42683,            0.038765,            0.024509,            0.013636,           0.0089902,           0.0089902,           0.0089902
                 104,            0.038745,            0.055177,           0.0080508,             0.57421,             0.80613,              0.7003,             0.47352,            0.037085,            0.023461,            0.012471,           0.0089803,           0.0089803,           0.0089803
                 105,            0.037018,            0.060012,           0.0082487,             0.65477,             0.65363,             0.69227,              0.4836,            0.037701,            0.024567,            0.011662,           0.0089704,           0.0089704,           0.0089704
                 106,            0.039009,            0.053826,            0.010306,              0.6309,             0.59524,             0.67338,             0.49067,            0.037345,            0.026252,            0.012516,           0.0089605,           0.0089605,           0.0089605
                 107,            0.037193,            0.056846,           0.0077624,              0.5259,             0.73101,             0.64496,             0.45548,            0.037195,            0.027212,            0.011794,           0.0089506,           0.0089506,           0.0089506
                 108,             0.03546,             0.05679,           0.0079348,             0.55051,             0.69218,             0.63803,             0.44094,            0.040446,            0.026703,             0.01221,           0.0089407,           0.0089407,           0.0089407
                 109,            0.038363,            0.058361,           0.0088017,             0.48886,             0.64488,             0.60046,             0.44919,            0.037126,            0.024866,            0.013571,           0.0089308,           0.0089308,           0.0089308
                 110,            0.038208,            0.056461,           0.0082948,             0.46703,             0.68367,             0.55116,             0.38046,            0.035868,             0.02432,             0.01495,           0.0089209,           0.0089209,           0.0089209
                 111,            0.037165,            0.055641,           0.0098023,             0.49105,             0.67347,             0.56708,             0.39912,            0.036249,            0.025852,            0.014227,            0.008911,            0.008911,            0.008911
                 112,            0.035969,            0.055717,           0.0084157,             0.54283,             0.70344,             0.58861,             0.42783,            0.034535,            0.024699,            0.012655,           0.0089011,           0.0089011,           0.0089011
                 113,            0.039256,            0.052004,            0.010909,             0.54538,             0.79762,             0.60742,              0.4032,            0.036562,            0.024259,             0.01312,           0.0088912,           0.0088912,           0.0088912
                 114,            0.039107,            0.056898,            0.011011,             0.55551,                0.75,             0.62925,             0.42982,            0.037027,            0.023744,            0.013059,           0.0088813,           0.0088813,           0.0088813
                 115,            0.037149,            0.060351,           0.0070573,              0.5426,                0.75,             0.65161,             0.44773,            0.036848,            0.023314,            0.012596,           0.0088714,           0.0088714,           0.0088714
                 116,            0.035426,            0.053226,            0.011537,             0.55018,             0.77003,             0.63182,             0.41705,            0.036645,            0.022079,            0.012976,           0.0088615,           0.0088615,           0.0088615
                 117,            0.037864,            0.051123,           0.0082461,              0.5369,             0.76531,             0.62784,             0.43168,            0.035861,            0.021529,            0.013768,           0.0088516,           0.0088516,           0.0088516
                 118,            0.036779,            0.055985,           0.0068093,             0.56495,             0.69728,              0.6059,             0.41398,            0.037123,             0.02183,            0.014537,           0.0088417,           0.0088417,           0.0088417
                 119,            0.038167,            0.057616,           0.0086154,             0.53495,              0.7678,             0.63605,             0.42694,            0.038469,            0.022662,            0.015475,           0.0088318,           0.0088318,           0.0088318
                 120,            0.033108,            0.056139,           0.0082405,             0.52335,             0.85544,               0.652,             0.43647,            0.036546,            0.021446,            0.015017,           0.0088219,           0.0088219,           0.0088219
                 121,            0.038631,            0.053844,           0.0073744,             0.70781,             0.57628,             0.64887,             0.43778,            0.037721,            0.022338,            0.013427,            0.008812,            0.008812,            0.008812
                 122,            0.038133,            0.058378,           0.0080294,               0.619,             0.56803,             0.62753,             0.43126,             0.03731,            0.022157,            0.014254,           0.0088021,           0.0088021,           0.0088021
                 123,            0.036442,            0.057263,           0.0067799,             0.56839,             0.75473,             0.67508,              0.4526,             0.03743,            0.023123,            0.013687,           0.0087922,           0.0087922,           0.0087922
                 124,            0.037679,            0.053956,           0.0075461,             0.54941,              0.7449,             0.65967,             0.44177,             0.03658,            0.022918,            0.013504,           0.0087823,           0.0087823,           0.0087823
                 125,            0.036563,            0.049787,           0.0060403,             0.55219,             0.71589,             0.65571,             0.44472,            0.034168,            0.025048,            0.013126,           0.0087724,           0.0087724,           0.0087724
                 126,            0.034601,            0.056978,           0.0065406,             0.48081,             0.62245,             0.66121,             0.46183,            0.032232,            0.021813,            0.014245,           0.0087625,           0.0087625,           0.0087625
                 127,            0.040484,            0.055154,           0.0056844,             0.72124,             0.61196,             0.64807,              0.4356,            0.032336,            0.021982,            0.015069,           0.0087526,           0.0087526,           0.0087526
                 128,            0.040231,            0.054194,           0.0067441,             0.49945,             0.60374,             0.58324,             0.40528,            0.032593,            0.022385,            0.015922,           0.0087427,           0.0087427,           0.0087427
                 129,             0.03631,            0.050112,           0.0078217,             0.60959,             0.70121,             0.65894,             0.43716,            0.033435,            0.022392,            0.015989,           0.0087328,           0.0087328,           0.0087328
                 130,            0.035113,            0.051123,           0.0061987,             0.57653,             0.77159,             0.68313,             0.45945,            0.035724,            0.023825,            0.014748,           0.0087229,           0.0087229,           0.0087229
                 131,            0.038831,            0.053751,           0.0053581,             0.66507,             0.63946,             0.69258,             0.45731,            0.036116,            0.023132,            0.014035,            0.008713,            0.008713,            0.008713
                 132,             0.03606,            0.055361,           0.0059684,             0.52879,             0.83163,             0.67498,             0.45684,            0.036747,            0.022948,            0.015293,           0.0087031,           0.0087031,           0.0087031
                 133,             0.03495,            0.057675,            0.005191,             0.53253,             0.76531,             0.66454,             0.47171,            0.036438,            0.021501,            0.015362,           0.0086932,           0.0086932,           0.0086932
                 134,            0.037813,            0.055395,           0.0069346,             0.46769,             0.59864,             0.59738,             0.43513,            0.034242,            0.021555,            0.016559,           0.0086833,           0.0086833,           0.0086833
                 135,            0.033986,            0.048019,            0.005819,             0.52604,             0.60884,             0.59565,             0.42487,              0.0356,            0.021867,            0.017029,           0.0086734,           0.0086734,           0.0086734
                 136,            0.038226,            0.058083,           0.0051999,             0.42202,             0.56035,             0.56134,             0.39547,            0.035704,             0.02271,            0.017847,           0.0086635,           0.0086635,           0.0086635
                 137,            0.036671,            0.048924,           0.0062381,             0.48463,             0.62245,             0.55671,             0.40079,            0.035377,            0.022128,            0.017633,           0.0086536,           0.0086536,           0.0086536
                 138,            0.034224,            0.051766,           0.0046631,             0.57802,             0.60714,             0.59515,             0.41122,            0.036623,            0.023996,             0.01611,           0.0086437,           0.0086437,           0.0086437
                 139,            0.037535,            0.054835,           0.0046424,             0.56181,             0.65289,             0.63392,             0.44082,            0.036142,            0.024477,            0.016027,           0.0086338,           0.0086338,           0.0086338
                 140,             0.03781,             0.05082,           0.0055307,              0.5652,             0.67857,             0.65377,             0.45863,             0.03794,            0.025934,            0.016293,           0.0086239,           0.0086239,           0.0086239
                 141,            0.033693,            0.053655,           0.0064721,             0.55005,             0.68367,              0.6329,             0.44932,            0.036833,            0.023466,            0.016053,            0.008614,            0.008614,            0.008614
                 142,            0.035916,            0.053499,           0.0044422,             0.51397,             0.66783,             0.61447,             0.43939,            0.036921,            0.022775,            0.016717,           0.0086041,           0.0086041,           0.0086041
                 143,            0.036074,            0.049279,           0.0053359,             0.57595,                0.75,             0.64719,             0.43566,            0.040086,            0.024704,            0.014932,           0.0085942,           0.0085942,           0.0085942
                 144,            0.034945,            0.055882,           0.0060866,             0.58669,             0.77721,             0.68451,             0.48119,            0.040686,            0.026481,            0.014013,           0.0085843,           0.0085843,           0.0085843
                 145,            0.036005,            0.051293,           0.0050151,             0.56376,             0.68362,             0.63429,             0.43298,            0.038167,            0.025645,            0.012497,           0.0085744,           0.0085744,           0.0085744
                 146,            0.032389,            0.056689,           0.0074885,             0.59847,             0.68707,             0.62964,             0.43613,            0.036043,            0.025728,            0.012372,           0.0085645,           0.0085645,           0.0085645
                 147,             0.03514,            0.051766,           0.0053342,             0.55831,             0.80272,             0.67778,             0.46532,            0.036888,            0.024138,            0.012216,           0.0085546,           0.0085546,           0.0085546
                 148,            0.037936,            0.053217,           0.0052638,             0.57432,             0.73341,             0.65385,             0.46536,            0.034982,            0.023684,            0.013265,           0.0085447,           0.0085447,           0.0085447
                 149,            0.033107,             0.05181,           0.0047292,             0.55834,             0.68878,             0.62203,             0.44488,            0.035474,            0.022422,            0.014283,           0.0085348,           0.0085348,           0.0085348
                 150,            0.035214,            0.051783,           0.0051361,             0.49189,             0.62245,              0.5999,             0.41912,            0.035615,            0.022713,             0.01605,           0.0085249,           0.0085249,           0.0085249
                 151,            0.034841,            0.045477,           0.0045391,             0.52306,             0.64116,             0.59414,             0.41953,            0.035836,            0.022877,            0.015256,            0.008515,            0.008515,            0.008515
                 152,            0.036049,            0.054608,           0.0061997,             0.60608,              0.5733,             0.58316,              0.4124,            0.036129,            0.021322,            0.015692,           0.0085051,           0.0085051,           0.0085051
                 153,            0.032999,            0.052733,            0.007001,             0.46614,             0.60374,             0.56676,             0.39607,            0.036617,            0.021949,            0.016709,           0.0084952,           0.0084952,           0.0084952
                 154,            0.033873,            0.050923,           0.0048846,             0.54801,             0.60374,             0.59275,             0.41147,            0.035039,            0.022109,            0.015562,           0.0084853,           0.0084853,           0.0084853
                 155,            0.039687,            0.050606,           0.0044146,             0.65576,             0.59694,             0.64274,             0.44502,            0.034775,            0.021162,             0.01394,           0.0084754,           0.0084754,           0.0084754
                 156,            0.035778,            0.047358,           0.0050717,             0.64857,             0.63347,             0.67296,             0.47122,            0.034837,             0.02126,            0.012864,           0.0084655,           0.0084655,           0.0084655
                 157,            0.033767,            0.051373,           0.0047942,             0.75715,             0.62031,             0.71591,             0.50392,             0.03415,            0.021551,            0.012049,           0.0084556,           0.0084556,           0.0084556
                 158,            0.037175,            0.051045,            0.004243,             0.67504,             0.68878,             0.71626,              0.5172,            0.033515,            0.021942,            0.011168,           0.0084457,           0.0084457,           0.0084457
                 159,            0.035714,            0.049954,           0.0034913,             0.69246,             0.66837,              0.7271,             0.48596,             0.03469,            0.023663,            0.011128,           0.0084358,           0.0084358,           0.0084358
                 160,            0.034579,            0.052957,           0.0044471,             0.71661,             0.65476,             0.69728,             0.47628,            0.035942,            0.022772,            0.013025,           0.0084259,           0.0084259,           0.0084259
                 161,            0.035464,            0.049499,           0.0048879,             0.53072,             0.63265,             0.61909,             0.44054,            0.033911,             0.02137,            0.016528,            0.008416,            0.008416,            0.008416
                 162,            0.034022,            0.050674,           0.0040188,             0.57627,             0.57993,             0.63714,             0.44651,            0.034759,            0.021151,             0.01707,           0.0084061,           0.0084061,           0.0084061
                 163,            0.034293,            0.050379,           0.0041186,             0.73452,             0.56973,             0.66424,             0.46603,            0.036188,            0.021414,            0.017051,           0.0083962,           0.0083962,           0.0083962
                 164,            0.033532,            0.046524,           0.0043348,             0.49915,             0.69898,             0.69141,             0.48171,            0.037648,            0.020954,            0.015497,           0.0083863,           0.0083863,           0.0083863
                 165,            0.031827,            0.048569,           0.0064766,             0.55266,             0.85917,             0.68689,             0.47263,            0.041279,            0.022416,            0.014272,           0.0083764,           0.0083764,           0.0083764
                 166,            0.036988,            0.050375,           0.0038795,             0.53873,             0.80272,             0.68972,             0.46805,            0.040249,            0.022277,            0.014816,           0.0083665,           0.0083665,           0.0083665
                 167,            0.030508,             0.05171,           0.0056333,             0.54188,             0.87353,             0.68913,             0.45426,            0.036157,            0.022919,            0.015464,           0.0083566,           0.0083566,           0.0083566
                 168,            0.035561,            0.053553,           0.0038276,             0.52318,              0.7466,              0.6543,             0.46796,            0.033584,            0.021817,              0.0152,           0.0083467,           0.0083467,           0.0083467
                 169,            0.032135,            0.052901,           0.0054206,             0.53101,             0.69898,             0.63621,             0.42018,            0.036432,            0.022444,            0.015765,           0.0083368,           0.0083368,           0.0083368
                 170,            0.035562,            0.052039,           0.0047963,             0.56441,             0.69898,             0.62708,             0.44446,            0.035717,            0.023617,            0.015937,           0.0083269,           0.0083269,           0.0083269
                 171,            0.039109,            0.048104,           0.0037447,             0.55899,             0.70107,             0.62636,             0.43927,            0.035905,            0.023574,            0.016013,            0.008317,            0.008317,            0.008317
                 172,            0.035867,            0.049717,           0.0046556,             0.54885,             0.64116,             0.60752,             0.42759,             0.03812,            0.023368,            0.016439,           0.0083071,           0.0083071,           0.0083071
                 173,            0.032012,            0.049825,           0.0045024,             0.52935,             0.66497,             0.57488,             0.41922,            0.037102,            0.024664,            0.016694,           0.0082972,           0.0082972,           0.0082972
                 174,             0.03291,            0.049749,           0.0045415,             0.50076,             0.68878,             0.57477,             0.41795,            0.035964,            0.022634,            0.017886,           0.0082873,           0.0082873,           0.0082873
                 175,            0.033491,            0.044395,           0.0047442,             0.50462,             0.73072,             0.57061,             0.41137,            0.036257,            0.022988,            0.020215,           0.0082774,           0.0082774,           0.0082774
                 176,            0.037744,            0.054106,           0.0039683,               0.482,              0.7311,             0.57234,             0.40071,            0.035764,            0.022094,            0.020032,           0.0082675,           0.0082675,           0.0082675
                 177,            0.033285,            0.051006,           0.0033572,             0.48011,             0.68537,             0.56885,             0.40169,            0.034377,              0.0212,            0.019575,           0.0082576,           0.0082576,           0.0082576
                 178,            0.036813,            0.055044,           0.0048786,             0.48791,             0.63265,             0.56153,             0.40508,            0.034318,            0.022758,            0.018718,           0.0082477,           0.0082477,           0.0082477
                 179,            0.034725,              0.0535,            0.004181,             0.48246,             0.61425,             0.54319,             0.39475,            0.033851,            0.021699,            0.018556,           0.0082378,           0.0082378,           0.0082378
                 180,            0.034864,            0.056514,           0.0044504,             0.42978,             0.57483,             0.54234,              0.3822,            0.035297,            0.021428,            0.018897,           0.0082279,           0.0082279,           0.0082279
                 181,            0.036301,            0.050084,           0.0032975,               0.453,             0.65646,             0.57276,             0.40436,            0.034739,            0.021027,            0.017176,            0.008218,            0.008218,            0.008218
                 182,            0.031187,            0.046696,           0.0021926,              0.4654,             0.60566,             0.59918,             0.42362,            0.035264,            0.021142,            0.016217,           0.0082081,           0.0082081,           0.0082081
                 183,            0.035275,            0.052747,           0.0054205,             0.56904,             0.70533,             0.64375,             0.46171,              0.0322,            0.021107,            0.015692,           0.0081982,           0.0081982,           0.0081982
                 184,            0.034058,            0.052965,           0.0078866,             0.64446,             0.66497,             0.67272,             0.49466,            0.032099,            0.022036,            0.015878,           0.0081883,           0.0081883,           0.0081883
                 185,            0.036541,            0.050288,           0.0045742,             0.62553,             0.66189,             0.65482,             0.47727,            0.032093,            0.022107,            0.016763,           0.0081784,           0.0081784,           0.0081784
                 186,            0.035179,            0.052361,           0.0047455,             0.61979,             0.62585,              0.6264,             0.45248,            0.031377,            0.022218,            0.017468,           0.0081685,           0.0081685,           0.0081685
                 187,            0.033881,            0.048231,           0.0037573,             0.61365,             0.60515,             0.56716,             0.40119,            0.032591,            0.022393,            0.018901,           0.0081586,           0.0081586,           0.0081586
                 188,            0.036006,             0.05308,           0.0048906,             0.52384,             0.62245,             0.53213,             0.37505,            0.032735,            0.021442,            0.020152,           0.0081487,           0.0081487,           0.0081487
                 189,             0.03305,            0.057082,           0.0029814,             0.66433,             0.60911,               0.608,             0.41797,            0.033566,            0.021587,            0.018321,           0.0081388,           0.0081388,           0.0081388
                 190,            0.034249,            0.051084,           0.0053972,             0.68669,             0.59694,             0.60997,             0.41677,             0.03386,            0.021826,            0.018738,           0.0081289,           0.0081289,           0.0081289
                 191,            0.030249,            0.048542,           0.0030936,             0.66928,             0.59184,             0.61402,             0.41187,            0.035723,            0.022631,             0.01784,            0.008119,            0.008119,            0.008119
                 192,            0.036955,            0.050871,           0.0051398,             0.67894,             0.59184,             0.63724,             0.44163,            0.035258,            0.022028,            0.018585,           0.0081091,           0.0081091,           0.0081091
                 193,            0.030637,            0.050737,           0.0032131,             0.55776,             0.64116,             0.61755,             0.43536,            0.035598,            0.021841,            0.017997,           0.0080992,           0.0080992,           0.0080992
                 194,            0.031379,            0.049416,           0.0035396,             0.64377,             0.59694,             0.60092,              0.4342,            0.037164,            0.021476,            0.017432,           0.0080893,           0.0080893,           0.0080893
                 195,            0.036216,            0.049274,           0.0038002,             0.49315,             0.63095,             0.57836,             0.42866,             0.03674,            0.022395,             0.01754,           0.0080794,           0.0080794,           0.0080794
                 196,            0.033949,            0.052239,           0.0041371,             0.51721,             0.64966,             0.55972,             0.40758,            0.037091,            0.022619,             0.01895,           0.0080695,           0.0080695,           0.0080695
                 197,             0.03542,            0.053192,           0.0032213,              0.4831,             0.60204,             0.54947,             0.40218,            0.037045,            0.022386,            0.019932,           0.0080596,           0.0080596,           0.0080596
                 198,            0.035483,            0.048412,            0.007891,             0.45399,             0.54082,             0.53258,             0.38735,            0.037574,             0.02294,            0.021834,           0.0080497,           0.0080497,           0.0080497
                 199,            0.031937,            0.049957,           0.0051868,             0.44378,              0.5119,             0.53656,             0.39388,            0.037331,            0.022185,            0.019325,           0.0080398,           0.0080398,           0.0080398
                 200,            0.033464,            0.047321,           0.0052077,              0.3765,              0.5034,              0.5217,             0.38604,            0.037406,             0.02248,            0.018755,           0.0080299,           0.0080299,           0.0080299
                 201,            0.031404,            0.052952,           0.0048092,             0.44777,             0.57483,             0.53566,             0.39272,            0.035406,            0.023159,            0.018485,             0.00802,             0.00802,             0.00802
                 202,            0.033506,            0.048553,           0.0034284,             0.51817,             0.69388,             0.57604,             0.41545,            0.035334,            0.022795,            0.017008,           0.0080101,           0.0080101,           0.0080101
                 203,            0.030903,            0.046686,           0.0038293,               0.502,             0.60374,             0.59245,             0.41854,            0.035351,            0.023742,            0.018138,           0.0080002,           0.0080002,           0.0080002
                 204,            0.035809,            0.048915,           0.0031694,             0.45215,             0.56905,             0.56335,             0.37552,            0.032783,             0.02336,            0.018505,           0.0079903,           0.0079903,           0.0079903
                 205,            0.035268,            0.045416,           0.0044316,             0.42196,             0.53231,             0.53382,             0.38008,            0.032465,            0.022415,            0.019525,           0.0079804,           0.0079804,           0.0079804
                 206,            0.037153,            0.048462,           0.0036493,             0.61862,              0.4932,             0.52633,             0.35909,            0.032486,            0.022213,            0.020048,           0.0079705,           0.0079705,           0.0079705
                 207,            0.031839,            0.049268,           0.0032029,             0.40216,              0.5034,             0.52326,             0.37749,            0.035455,            0.022697,            0.019781,           0.0079606,           0.0079606,           0.0079606
                 208,            0.031479,            0.047104,           0.0025632,             0.38944,             0.49936,             0.55033,             0.37834,            0.036774,            0.022574,            0.019038,           0.0079507,           0.0079507,           0.0079507
                 209,            0.036508,             0.04654,           0.0039169,             0.59457,             0.59354,             0.58674,              0.4243,             0.03584,            0.023393,            0.017697,           0.0079408,           0.0079408,           0.0079408
                 210,            0.032212,             0.04789,           0.0034495,             0.66388,             0.58844,              0.6192,             0.44954,            0.035086,            0.024281,            0.016801,           0.0079309,           0.0079309,           0.0079309
                 211,            0.031468,            0.048763,           0.0024563,             0.56483,             0.63095,             0.59731,             0.43113,            0.034509,            0.024159,            0.016498,            0.007921,            0.007921,            0.007921
                 212,            0.035913,            0.051917,           0.0037442,              0.5743,             0.66264,             0.60645,              0.4438,            0.032249,            0.024315,            0.017068,           0.0079111,           0.0079111,           0.0079111
                 213,            0.030869,            0.047708,           0.0029342,             0.53169,             0.58844,             0.58605,             0.40562,            0.035381,             0.02498,            0.017252,           0.0079012,           0.0079012,           0.0079012
                 214,            0.035517,            0.051683,           0.0035174,             0.49472,             0.56973,             0.59776,             0.43539,            0.033073,            0.023873,            0.017675,           0.0078913,           0.0078913,           0.0078913
                 215,            0.031394,            0.046806,           0.0035558,             0.62716,             0.53571,             0.61281,             0.42934,            0.036363,            0.024577,            0.017934,           0.0078814,           0.0078814,           0.0078814
                 216,            0.034607,            0.055478,           0.0030044,             0.65479,             0.55102,             0.62582,             0.44657,            0.035188,            0.023725,            0.017958,           0.0078715,           0.0078715,           0.0078715
                 217,            0.036194,            0.051938,           0.0022127,             0.55968,             0.55102,             0.60065,             0.43321,            0.032671,            0.023355,            0.018086,           0.0078616,           0.0078616,           0.0078616
                 218,            0.033767,            0.052543,            0.003502,             0.59674,             0.55612,             0.60237,             0.43036,            0.031876,            0.024885,             0.01755,           0.0078517,           0.0078517,           0.0078517
                 219,            0.033485,            0.050082,           0.0040087,             0.84932,             0.55073,             0.66423,             0.46714,            0.032979,            0.024539,             0.01605,           0.0078418,           0.0078418,           0.0078418
                 220,               0.036,            0.051652,           0.0036822,             0.60623,             0.64626,             0.71139,             0.50973,             0.03285,            0.023701,            0.013837,           0.0078319,           0.0078319,           0.0078319
                 221,            0.031218,            0.046152,           0.0039185,             0.83216,             0.60714,             0.70022,             0.48992,            0.034041,             0.02455,            0.012821,            0.007822,            0.007822,            0.007822
                 222,            0.035545,            0.055908,           0.0026071,              0.8898,             0.55442,             0.67446,             0.49923,            0.033317,            0.024164,            0.013561,           0.0078121,           0.0078121,           0.0078121
                 223,            0.031825,             0.04756,           0.0033924,             0.77208,             0.57483,             0.65443,              0.4775,            0.032975,            0.023438,            0.014622,           0.0078022,           0.0078022,           0.0078022
                 224,            0.029418,            0.049785,            0.005124,             0.52473,             0.62755,             0.63956,             0.46353,            0.031819,             0.02288,             0.01503,           0.0077923,           0.0077923,           0.0077923
                 225,            0.031383,            0.044855,           0.0026975,             0.62223,              0.6704,             0.67403,             0.48161,             0.03483,            0.022873,            0.015707,           0.0077824,           0.0077824,           0.0077824
                 226,            0.033785,            0.047831,           0.0031457,             0.61342,             0.61961,             0.67366,             0.48301,            0.033842,            0.023277,            0.015969,           0.0077725,           0.0077725,           0.0077725
                 227,            0.031766,            0.052944,           0.0043517,             0.63727,             0.59354,             0.67079,             0.48785,            0.036404,            0.023995,            0.017258,           0.0077626,           0.0077626,           0.0077626
                 228,            0.029803,            0.047917,           0.0025415,             0.65681,             0.68878,             0.66714,             0.48489,            0.039057,            0.024996,            0.018153,           0.0077527,           0.0077527,           0.0077527
                 229,            0.032735,            0.050713,           0.0035406,             0.53489,             0.55102,             0.61377,             0.44757,            0.037178,            0.023932,            0.019711,           0.0077428,           0.0077428,           0.0077428
                 230,            0.032809,            0.047586,           0.0030525,             0.44371,              0.5034,             0.58023,             0.42696,            0.035798,            0.023097,            0.020769,           0.0077329,           0.0077329,           0.0077329
                 231,            0.031737,            0.051151,           0.0033193,             0.46764,             0.53231,             0.58089,              0.4263,            0.034817,            0.022603,            0.019869,            0.007723,            0.007723,            0.007723
                 232,            0.034696,             0.04917,           0.0031573,             0.48415,             0.57483,             0.57331,             0.39393,             0.03606,            0.023464,             0.01851,           0.0077131,           0.0077131,           0.0077131
                 233,            0.031556,            0.048237,           0.0052208,             0.49221,             0.60374,             0.57439,             0.43534,            0.033384,              0.0226,             0.01877,           0.0077032,           0.0077032,           0.0077032
                 234,            0.031087,            0.049021,           0.0069382,             0.46707,             0.57993,              0.5451,             0.40969,             0.03415,            0.022573,            0.022017,           0.0076933,           0.0076933,           0.0076933
                 235,            0.033374,            0.047521,           0.0036503,             0.42636,             0.55324,              0.5415,             0.39468,             0.03748,            0.023127,            0.023371,           0.0076834,           0.0076834,           0.0076834
                 236,            0.031115,            0.043468,           0.0030209,             0.46977,             0.60374,             0.56196,             0.40441,            0.037636,            0.023239,            0.022826,           0.0076735,           0.0076735,           0.0076735
                 237,            0.033014,            0.046416,           0.0035144,             0.53658,             0.66954,             0.61275,             0.45052,             0.03691,            0.023319,            0.019138,           0.0076636,           0.0076636,           0.0076636
                 238,            0.032164,            0.052445,           0.0040774,             0.64933,             0.59184,             0.62738,             0.46396,            0.036661,            0.023273,            0.017745,           0.0076537,           0.0076537,           0.0076537
                 239,            0.033089,            0.047308,           0.0040622,              0.7589,              0.5468,             0.64717,             0.47501,            0.041897,            0.024167,            0.017435,           0.0076438,           0.0076438,           0.0076438
                 240,            0.029054,            0.048643,           0.0034885,             0.80045,             0.55593,             0.67637,             0.50295,            0.039756,            0.023751,            0.017591,           0.0076339,           0.0076339,           0.0076339
                 241,            0.035547,            0.045951,           0.0042523,             0.75449,             0.56376,             0.67129,             0.50569,            0.036768,            0.023041,            0.018169,            0.007624,            0.007624,            0.007624
                 242,            0.031111,            0.048089,           0.0026599,             0.62814,             0.63224,             0.65672,             0.48356,            0.036193,            0.022859,            0.019004,           0.0076141,           0.0076141,           0.0076141
                 243,            0.029705,            0.050389,            0.003176,             0.66143,             0.60714,             0.65914,             0.49115,            0.034635,             0.02253,            0.019064,           0.0076042,           0.0076042,           0.0076042
                 244,            0.032265,            0.046079,           0.0040622,             0.75024,             0.57619,              0.6409,             0.47503,            0.033446,            0.022137,            0.019897,           0.0075943,           0.0075943,           0.0075943
                 245,            0.036881,            0.050341,           0.0030938,             0.69919,             0.57757,             0.63745,             0.45703,            0.035862,            0.022875,            0.020459,           0.0075844,           0.0075844,           0.0075844
                 246,            0.032445,            0.050597,           0.0031961,             0.64876,             0.58667,             0.61947,             0.44831,            0.035944,            0.022312,            0.020729,           0.0075745,           0.0075745,           0.0075745
                 247,            0.034221,            0.045745,           0.0047456,             0.61415,             0.56539,             0.59548,             0.44178,            0.035072,            0.022485,            0.020463,           0.0075646,           0.0075646,           0.0075646
                 248,            0.030735,            0.051889,           0.0036408,             0.55004,             0.56973,             0.56777,             0.42696,            0.034002,            0.022433,            0.020195,           0.0075547,           0.0075547,           0.0075547
                 249,            0.031206,            0.044712,           0.0031473,             0.51576,             0.56463,             0.55954,             0.41979,             0.03328,            0.022557,            0.019685,           0.0075448,           0.0075448,           0.0075448
                 250,            0.031662,            0.046046,           0.0036212,              0.5216,             0.62181,             0.55449,             0.41626,            0.034564,            0.022539,            0.018894,           0.0075349,           0.0075349,           0.0075349
                 251,            0.032637,            0.052378,           0.0028001,             0.48294,             0.57139,             0.53852,             0.39129,            0.035507,            0.024754,            0.018071,            0.007525,            0.007525,            0.007525
                 252,            0.030653,            0.047164,           0.0029258,             0.52055,             0.59864,             0.53198,             0.38766,            0.033004,            0.024637,              0.0181,           0.0075151,           0.0075151,           0.0075151
                 253,            0.036579,               0.049,           0.0032979,             0.52974,             0.60374,             0.56141,              0.4162,            0.033185,            0.022542,             0.01761,           0.0075052,           0.0075052,           0.0075052
                 254,            0.033684,            0.052503,           0.0032097,             0.58318,             0.59727,             0.57591,             0.43275,            0.033662,            0.022601,            0.017873,           0.0074953,           0.0074953,           0.0074953
                 255,            0.031927,            0.049251,           0.0035213,             0.53663,             0.57993,             0.56738,             0.41579,            0.034349,            0.022946,            0.017873,           0.0074854,           0.0074854,           0.0074854
                 256,            0.031198,            0.046059,           0.0028443,             0.58593,             0.62245,             0.57258,             0.42106,            0.033822,            0.022608,            0.017859,           0.0074755,           0.0074755,           0.0074755
                 257,             0.03097,            0.046911,           0.0035867,             0.56573,             0.61103,             0.59245,             0.43222,            0.033344,            0.023232,            0.017825,           0.0074656,           0.0074656,           0.0074656
                 258,            0.032131,            0.046209,           0.0025077,              0.5431,             0.57993,             0.58236,             0.42784,            0.033042,            0.022794,            0.018298,           0.0074557,           0.0074557,           0.0074557
